,,Code,1.1,,,,,,2.1,,,,,,2.2,,,,,,3.1,,,,,,3.11,,,,,,3.12,,,,,,3.13,,,,,,3.14,,,,,,3.15,,,,,,3.16,,,,,,3.17,,,,,,3.2,,,,,,3.3,,,,,,3.4,,,,,,3.5,,,,,,3.6,,,,,,3.7,,,,,,3.8,,,,,,3.9,,,,,,4.1,,,,,,4.2,,,,,,4.3,,,,,,4.4,,,,,,4.5,,,,,,4.6,,,,,,4.7,,,,,,5.1,,,,,,5.2,,,,,,5.3,,,,,,5.4,,,,,,5.5,,,,,,6.1,,,,,,6.2,,,,,,6.3,,,,,,6.4,,,,,,6.5,,,,,,6.6,,,,,,6.7,,,,,,6.8,,,,,,7.1,,,,,,7.11,,,,,,7.2,,,,,,7.3,,,,,,7.4,,,,,,7.5,,,,,,7.6,,,,,,7.7,,,,,,7.8,,,,,,7.9,,,,,,8.1,,,,,,8.2,,,,,,8.3,,,,,,8.4,,,,,,8.5,,,,,,8.6,,,,,,8.7,,,,,,9.1,,,,,,9.2,,,,,,9.3,,,,,,9.4,,,,,,9.5,,,,,,9.6,,,,,,9.7,,,,,,9.8,,,,,,10.1,,,,,,10.2,,,,,,11.1,,,,,,11.2,,,,,,11.3,,,,,,11.4,,,,,,12.1,,,,,,12.2,,,,,,12.3,,,,,,12.4,,,,,,13.1,,,,,,13.11,,,,,,13.12,,,,,,13.13,,,,,,13.14,,,,,,13.15,,,,,,13.16,,,,,,13.17,,,,,,13.18,,,,,,13.19,,,,,,13.2,,,,,,13.21,,,,,,13.22,,,,,,13.23,,,,,,13.24,,,,,,13.3,,,,,,13.4,,,,,,13.5,,,,,,13.6,,,,,,13.7,,,,,,13.8,,,,,,13.9,,,,,,14.1,,,,,,14.11,,,,,,14.2,,,,,,14.3,,,,,,14.4,,,,,,14.5,,,,,,14.6,,,,,,14.7,,,,,,14.8,,,,,,14.9,,,,,,15.1,,,,,,15.11,,,,,,15.12,,,,,,15.14,,,,,, 15.15,,,,,,15.16,,,,,,15.17,,,,,,15.18,,,,,,15.19,,,,,,15.2,,,,,,15.21,,,,,,15.22,,,,,,15.23,,,,,,15.3,,,,,,15.4,,,,,,15.5,,,,,,15.6,,,,,,15.7,,,,,,15.8,,,,,,15.9,,,,,,16.1,,,,,,16.2,,,,,,17,,,,,,
,,Indicator,Persons reached,,,,,,Number of policy dialogue meetings conducted between value chain actors and policy makers on policy/regulatory frameworks.,,,,,,Number of policy/regulatory/business issues by value chain identified.,,,,,,Number of farmer cooperatives/groups qualified/certified for voluntary sustainability standards.,,,,,,Number of farmer training sessions conducted on Climate Smart Agriculture technologies/practices.,,,,,,Number of farmers trained in soil and water conservation management practices.,,,,,,Number of farmers trained in integrated pest and disease management.,,,,,,Number of government extension officers trained in at least one CSA technology/practice.,,,,,,Number of farmers adopting soil and water conservation management practices with support from the programme.,,,,,,Number of farmers adopting integrated pest and disease managementt practices with support from the programme.,,,,,,Number of commodity specific VSS guidelines developed.,,,,,,Number of farmers trained in at least one CSA technology/practice.,,,,,,Number of farmers adopting at least one CSA technology/practice with support from the programme.,,,,,,Number of farmers trained on GAP.,,,,,,Number of farmers adopting GAP with support from the programme.,,,,,,Number of farmers trained on voluntary sustainability standards.,,,,,,Number of farmers complying with voluntary sustainability standards (VSS).,,,,,,Number of extension workers trained on VSS principles.,,,,,,Number of local independent auditors accreditated by voluntary and mandatory certification bodies.,,,,,,Number of Government extension officers trained in post-harvest storage and handling.,,,,,,Number of farmers trained on post-harvest storage and handling.,,,,,,Number of farmers adopting/using at least one post harvest storage &amp; handling technology/practice with support from the programme.,,,,,,Number of cold storage facilities established/rehabilitated for post harvest storage.,,,,,,Number of solar dryers constructed/procured for post harvest processing.,,,,,,Number of warehouses/collection/aggregation centers established/rehabilitated for post harvest storage.,,,,,,Number of central pulping units established/rehabilitated for post harvest processing.,,,,,,Number of farmer field schools supported.,,,,,,Number of farmer field schools facilitators trained.,,,,,,Number of smallholder farmers that have graduated in farmer field schools.,,,,,,Number of agriculture practices/technologies disseminated through farmer field schools.,,,,,,Number of demonstration plots for farmer training established.,,,,,,Number of exchange visits for farmer groups/cooperatives conducted.,,,,,,Number of knowledge hubs for information and training of smallholder farmers established.,,,,,,Number of smallholder farmers that have accessed information/training from the knowledge hub.,,,,,,Number of seedling multiplication nurseries established/rehabilitated.,,,,,,Number of improved seedling varieties distributed to smallholder farmers.,,,,,,Number of farmers that have planted improved seedling varieties.,,,,,,Number of new farms established with new improved seedlings/planting materials.,,,,,,Number of existing farms rehabilitated and replanted with new improved seedlings/planting materials,,,,,,Number of Village Savings and Loan groups established.,,,,,,Number of SMEs established through matching grants.,,,,,,Total number of farmers in VSLAs.,,,,,,Number of farmers trained in VSLA.,,,,,,Number of VSLAs linked to SACCOs.,,,,,,Number of VSLAs linked to Micro-finance institutions.,,,,,,Number of beneficiaries receiving matching grants.,,,,,,Total value of matching grants.,,,,,,Number of farmer groups/cooperatives that have accessed loans from formal financial institutions.,,,,,,Number of smallholder farmers that have accessed loans from formal financial institutions.,,,,,,"Number of SMEs (i.e. input suppliers, processors, traders, etc.) that have accessed loans from formal financial institutions.",,,,,,Number of farmer groups/associations/cooperatives trained in financial literacy.,,,,,,Number of farmers trained on financial literacy.,,,,,,"Number of SMEs (i.e. input suppliers, processors, traders, etc.) trained in financial literacy.",,,,,,Number of farmer groups/associations/cooperatives trained in business management skills.,,,,,,Number of farmers trained on business management skills.,,,,,,"Number of SMEs (i.e. input suppliers, processors, traders, etc.) trained business management skills.",,,,,,Number of smallholder farmers registered on digital Market Information System (MIS) platforms.,,,,,,"Total users of Market information System (farmers, input dealers, processors, traders, etc.)",,,,,,"Number of markets by value chain (tea, coffee and horticuture) linked to the digital MIS platforms.",,,,,,Number of horticultural crops linked to the digital market information system.,,,,,,Number of farmer groups/associations/cooperatives linked to local markets.,,,,,,Number of smallholder farmers linked to local markets.,,,,,,Number of farmer groups/associations/cooperatives linked to international markets for direct exports.,,,,,,Number of smallholder farmers linked to international markets for direct exports.,,,,,,Number of farmer groups/associations linked to agro-input suppliers.,,,,,,Number of farmers linked to agro-input suppliers.,,,,,,Number of farmers trained in nutrition sensitive agriculture practices.,,,,,,Number of nutrition awareness campaigns conducted.,,,,,,Number of people reached with nutrition sensitive agriculture messages through nutrition campaigns.,,,,,,Number of smallholder households that have established kitchen gardens.,,,,,,Number of farmer groups supported by the project by value chain.,,,,,,Total membership in the farmer groups by value chain.,,,,,,Number of stakeholder coordination meetings conducted at district and regional level by value chain.,,,,,,Number of farmer organizations/groups trained in organization and good governance by sector.,,,,,,Total executive members of farmer cooperatives/associations - youth,,,,,,Number of policy and institutional issues addressed in strategic meetings/platforms.,,,,,,Number of policy advocacy campaigns organized.,,,,,,Number of young women and men trained on sustainable agriculture and agroforestry practices using national coffee sustainability curriculum.,,,,,,Number of smallholder coffee farms integrated with nutritional food varieties.,,,,,,Number of coffee seedlings produced through multiplication nurseries.,,,,,,Number of smallholder farmers trained on seedling multiplication.,,,,,,Number of farmers trained on sustainable post-harvest practices.,,,,,,Number of Village Savings and Loan Associations (VSLA) involved in coffee value chain.,,,,,,Number of malnutrition campaigns conducted by community health workers.,,,,,,Total executive members of farmer cooperatives/associations - women,,,,,,Number of young women and men trained on malnutrition control measures.,,,,,,Number of smallholder farmers (young women and men) adopting crop diversification.,,,,,,Number of Extensions officers being trained on SALM practices,,,,,,Number of cooperatives supported with bulking processing and value addition technologies,,,,,,"Number of farmer cooperatives/associations trained on gender equality, equity and inclusiveness by sector.",,,,,,Number of households trained in crop diversification.,,,,,,"Number of farmers trained on food safety, hygiene and preparation of healthy diversified diets.",,,,,,Number of cooking demonstrations conducted.,,,,,,"Number of people reached with good nutrition and hygiene practices messages through (Community health volunteers, radio, TV, SBCC campaigns, extension staff, lead farmers, etc.).",,,,,,"Number of extension workers trained in food safety, hygiene and preparation of healthy diverse diets.",,,,,,Number of strategic platforms formed to strengthen partnerships amongst value chain actors.,,,,,,Number of smallholder farmers that have accessed loans from VSLAs.,,,,,,Number of Purdue Improved Crop Storage (PICS) bags deployed to smallholder farmers.,,,,,,Number of smallholder farmers that have accessed digital financial services.,,,,,,Number of market linkages to NEW markets created between farmers and other value chain actors.,,,,,,Number of VC actors that have access to new or improved public processing and/or marketing infrastructure.,,,,,,Number of Regional Commodity Platforms established.,,,,,,Number of smallholders accessing new physical resources and technologies provided by the project.,,,,,,Number of new water conservation units deployed by small scale farmers and farmers groups.,,,,,,Number of new propagation units deployed by small scale farmers and farmers groups.,,,,,,Number of smallholder farmers provided with appropriate food preservation technologies.,,,,,,Number of appropriate food storage containers deployed to smallholder farmers.,,,,,,"Number of community value addition centres established (with necessary processing machinery and value addition equipment e.g. eco-friendly wet milling machines, drying tables, sorting equipment etc).",,,,,,Number of farmers receiving high yielding and disease resistant coffee and crop/fruit seedlings.,,,,,,Number of farmer groups/associations/cooperatives provided with seed funds/grants.,,,,,,Total value of grants/seed funds provided.,,,,,,"Number of farmers participating in diversification activities to increase extra income and food/nutrition security (poultry, goats, bee keeping, etc.).",,,,,,Number of hectares in the targeted areas under sustainable land management.,,,,,,Volume (MT) of sustainably produced coffee in Tanzania sold.,,,,,,Number of policy recommendations from the sustainable commodities platform reviewed and supported by the Ministry of Agriculture.,,,,,,Number of appropriate food preservation technology machines deployed.,,,,,,"Volume (MT) of certified tea, coffee and horticulture produced by targeted farmers.",,,,,,Number of local accredited independent auditors carrying out VSS certification audits.,,,,,,"Number of VSS guidelines adopted and implemented for tea, coffee and horticulture.",,,,,, Number of Public Private Partnerships (PPP) and “full stack” commercial horticultural production and processing hubs constructed and operational.,,,,,,"Number of private sector actors (investor, processor, exporter, and buyer ) directly engaged in project activities.",,,,,,Number of online Zanzibar horticultural product promotion campaigns.,,,,,,Number of key local actors trained on digital marketplace skills.,,,,,,Number of formal MoUs signed between VSLAs and formal financial institutions.,,,,,,Number of value addition cooperatives provided with financial assistance for enterprise development.,,,,,,Number of mother bushes of various improved clones established.,,,,,,Number of villages covered by campagn on co-operative system,,,,,,Number of people reached with during campaign on co-operative system,,,,,,Number of fertilizer trials established,,,,,,
Region,District,Demography,Adult Male,Adult Female,Youth Male,Youth Female,Reference,Total,Adult Male,Adult Female,Youth Male,Youth Female,Reference,Total,Adult Male,Adult Female,Youth Male,Youth Female,Reference,Total,Adult Male,Adult Female,Youth Male,Youth Female,Reference,Total,Adult Male,Adult Female,Youth Male,Youth Female,Reference,Total,Adult Male,Adult Female,Youth Male,Youth Female,Reference,Total,Adult Male,Adult Female,Youth Male,Youth Female,Reference,Total,Adult Male,Adult Female,Youth Male,Youth Female,Reference,Total,Adult Male,Adult Female,Youth Male,Youth Female,Reference,Total,Adult Male,Adult Female,Youth Male,Youth Female,Reference,Total,Adult Male,Adult Female,Youth Male,Youth Female,Reference,Total,Adult Male,Adult Female,Youth Male,Youth Female,Reference,Total,Adult Male,Adult Female,Youth Male,Youth Female,Reference,Total,Adult Male,Adult Female,Youth Male,Youth Female,Reference,Total,Adult Male,Adult Female,Youth Male,Youth Female,Reference,Total,Adult Male,Adult Female,Youth Male,Youth Female,Reference,Total,Adult Male,Adult Female,Youth Male,Youth Female,Reference,Total,Adult Male,Adult Female,Youth Male,Youth Female,Reference,Total,Adult Male,Adult Female,Youth Male,Youth Female,Reference,Total,Adult Male,Adult Female,Youth Male,Youth Female,Reference,Total,Adult Male,Adult Female,Youth Male,Youth Female,Reference,Total,Adult Male,Adult Female,Youth Male,Youth Female,Reference,Total,Adult Male,Adult Female,Youth Male,Youth Female,Reference,Total,Adult Male,Adult Female,Youth Male,Youth Female,Reference,Total,Adult Male,Adult Female,Youth Male,Youth Female,Reference,Total,Adult Male,Adult Female,Youth Male,Youth Female,Reference,Total,Adult Male,Adult Female,Youth Male,Youth Female,Reference,Total,Adult Male,Adult Female,Youth Male,Youth Female,Reference,Total,Adult Male,Adult Female,Youth Male,Youth Female,Reference,Total,Adult Male,Adult Female,Youth Male,Youth Female,Reference,Total,Adult Male,Adult Female,Youth Male,Youth Female,Reference,Total,Adult Male,Adult Female,Youth Male,Youth Female,Reference,Total,Adult Male,Adult Female,Youth Male,Youth Female,Reference,Total,Adult Male,Adult Female,Youth Male,Youth Female,Reference,Total,Adult Male,Adult Female,Youth Male,Youth Female,Reference,Total,Adult Male,Adult Female,Youth Male,Youth Female,Reference,Total,Adult Male,Adult Female,Youth Male,Youth Female,Reference,Total,Adult Male,Adult Female,Youth Male,Youth Female,Reference,Total,Adult Male,Adult Female,Youth Male,Youth Female,Reference,Total,Adult Male,Adult Female,Youth Male,Youth Female,Reference,Total,Adult Male,Adult Female,Youth Male,Youth Female,Reference,Total,Adult Male,Adult Female,Youth Male,Youth Female,Reference,Total,Adult Male,Adult Female,Youth Male,Youth Female,Reference,Total,Adult Male,Adult Female,Youth Male,Youth Female,Reference,Total,Adult Male,Adult Female,Youth Male,Youth Female,Reference,Total,Adult Male,Adult Female,Youth Male,Youth Female,Reference,Total,Adult Male,Adult Female,Youth Male,Youth Female,Reference,Total,Adult Male,Adult Female,Youth Male,Youth Female,Reference,Total,Adult Male,Adult Female,Youth Male,Youth Female,Reference,Total,Adult Male,Adult Female,Youth Male,Youth Female,Reference,Total,Adult Male,Adult Female,Youth Male,Youth Female,Reference,Total,Adult Male,Adult Female,Youth Male,Youth Female,Reference,Total,Adult Male,Adult Female,Youth Male,Youth Female,Reference,Total,Adult Male,Adult Female,Youth Male,Youth Female,Reference,Total,Adult Male,Adult Female,Youth Male,Youth Female,Reference,Total,Adult Male,Adult Female,Youth Male,Youth Female,Reference,Total,Adult Male,Adult Female,Youth Male,Youth Female,Reference,Total,Adult Male,Adult Female,Youth Male,Youth Female,Reference,Total,Adult Male,Adult Female,Youth Male,Youth Female,Reference,Total,Adult Male,Adult Female,Youth Male,Youth Female,Reference,Total,Adult Male,Adult Female,Youth Male,Youth Female,Reference,Total,Adult Male,Adult Female,Youth Male,Youth Female,Reference,Total,Adult Male,Adult Female,Youth Male,Youth Female,Reference,Total,Adult Male,Adult Female,Youth Male,Youth Female,Reference,Total,Adult Male,Adult Female,Youth Male,Youth Female,Reference,Total,Adult Male,Adult Female,Youth Male,Youth Female,Reference,Total,Adult Male,Adult Female,Youth Male,Youth Female,Reference,Total,Adult Male,Adult Female,Youth Male,Youth Female,Reference,Total,Adult Male,Adult Female,Youth Male,Youth Female,Reference,Total,Adult Male,Adult Female,Youth Male,Youth Female,Reference,Total,Adult Male,Adult Female,Youth Male,Youth Female,Reference,Total,Adult Male,Adult Female,Youth Male,Youth Female,Reference,Total,Adult Male,Adult Female,Youth Male,Youth Female,Reference,Total,Adult Male,Adult Female,Youth Male,Youth Female,Reference,Total,Adult Male,Adult Female,Youth Male,Youth Female,Reference,Total,Adult Male,Adult Female,Youth Male,Youth Female,Reference,Total,Adult Male,Adult Female,Youth Male,Youth Female,Reference,Total,Adult Male,Adult Female,Youth Male,Youth Female,Reference,Total,Adult Male,Adult Female,Youth Male,Youth Female,Reference,Total,Adult Male,Adult Female,Youth Male,Youth Female,Reference,Total,Adult Male,Adult Female,Youth Male,Youth Female,Reference,Total,Adult Male,Adult Female,Youth Male,Youth Female,Reference,Total,Adult Male,Adult Female,Youth Male,Youth Female,Reference,Total,Adult Male,Adult Female,Youth Male,Youth Female,Reference,Total,Adult Male,Adult Female,Youth Male,Youth Female,Reference,Total,Adult Male,Adult Female,Youth Male,Youth Female,Reference,Total,Adult Male,Adult Female,Youth Male,Youth Female,Reference,Total,Adult Male,Adult Female,Youth Male,Youth Female,Reference,Total,Adult Male,Adult Female,Youth Male,Youth Female,Reference,Total,Adult Male,Adult Female,Youth Male,Youth Female,Reference,Total,Adult Male,Adult Female,Youth Male,Youth Female,Reference,Total,Adult Male,Adult Female,Youth Male,Youth Female,Reference,Total,Adult Male,Adult Female,Youth Male,Youth Female,Reference,Total,Adult Male,Adult Female,Youth Male,Youth Female,Reference,Total,Adult Male,Adult Female,Youth Male,Youth Female,Reference,Total,Adult Male,Adult Female,Youth Male,Youth Female,Reference,Total,Adult Male,Adult Female,Youth Male,Youth Female,Reference,Total,Adult Male,Adult Female,Youth Male,Youth Female,Reference,Total,Adult Male,Adult Female,Youth Male,Youth Female,Reference,Total,Adult Male,Adult Female,Youth Male,Youth Female,Reference,Total,Adult Male,Adult Female,Youth Male,Youth Female,Reference,Total,Adult Male,Adult Female,Youth Male,Youth Female,Reference,Total,Adult Male,Adult Female,Youth Male,Youth Female,Reference,Total,Adult Male,Adult Female,Youth Male,Youth Female,Reference,Total,Adult Male,Adult Female,Youth Male,Youth Female,Reference,Total,Adult Male,Adult Female,Youth Male,Youth Female,Reference,Total,Adult Male,Adult Female,Youth Male,Youth Female,Reference,Total,Adult Male,Adult Female,Youth Male,Youth Female,Reference,Total,Adult Male,Adult Female,Youth Male,Youth Female,Reference,Total,Adult Male,Adult Female,Youth Male,Youth Female,Reference,Total,Adult Male,Adult Female,Youth Male,Youth Female,Reference,Total,Adult Male,Adult Female,Youth Male,Youth Female,Reference,Total,Adult Male,Adult Female,Youth Male,Youth Female,Reference,Total,Adult Male,Adult Female,Youth Male,Youth Female,Reference,Total,Adult Male,Adult Female,Youth Male,Youth Female,Reference,Total,Adult Male,Adult Female,Youth Male,Youth Female,Reference,Total,Adult Male,Adult Female,Youth Male,Youth Female,Reference,Total,Adult Male,Adult Female,Youth Male,Youth Female,Reference,Total,Adult Male,Adult Female,Youth Male,Youth Female,Reference,Total,Adult Male,Adult Female,Youth Male,Youth Female,Reference,Total,Adult Male,Adult Female,Youth Male,Youth Female,Reference,Total,Adult Male,Adult Female,Youth Male,Youth Female,Reference,Total,Adult Male,Adult Female,Youth Male,Youth Female,Reference,Total,Adult Male,Adult Female,Youth Male,Youth Female,Reference,Total,Adult Male,Adult Female,Youth Male,Youth Female,Reference,Total,Adult Male,Adult Female,Youth Male,Youth Female,Reference,Total,Adult Male,Adult Female,Youth Male,Youth Female,Reference,Total,Adult Male,Adult Female,Youth Male,Youth Female,Reference,Total,Adult Male,Adult Female,Youth Male,Youth Female,Reference,Total,
All (National Coverage),All (National Coverage),,,,,,,0,,,,,,0,,,,,,0,,,,,,0,,,,,,0,,,,,,0,,,,,,0,,,,,,0,,,,,,0,,,,,,0,,,,,,0,,,,,,0,,,,,,0,,,Jul - Sep 2021,,,0,,,,,,0,,,,,,0,,,,,,0,,,,,,0,,,,,,0,,,,,,0,,,,,,0,,,,,,0,,,,,,0,,,,,,0,,,,,,0,,,,,,0,,,,,,0,,,,,,0,,,,,,0,,,,,,0,,,,,,0,,,,,,0,,,,,,0,,,,,,0,,,,,,0,,,,,,0,,,,,,0,,,,,,0,,,,,,0,,,,,,0,,,,,,0,,,,,,0,,,,,,0,,,,,,0,,,,,,0,,,,,,0,,,,,,0,,,,,,0,,,,,,0,,,,,,0,,,,,,0,,,,,,0,,,,,,0,,,,,,0,,,,,,0,,,,,,0,,,,,,0,,,,,,0,,,,,,0,,,,,,0,,,,,,0,,,,,,0,,,,,,0,,,,,,0,,,,,,0,,,,,,0,,,,,,0,,,,,,0,,,,,,0,,,,,,0,,,,,,0,,,,,,0,,,,,,0,,,,,,0,,,,,,0,,,,,,0,,,,,,0,,,,,,0,,,,,,0,,,,,,0,,,,,,0,,,,,,0,,,,,,0,,,,,,0,,,,,,0,,,,,,0,,,,,,0,,,,,,0,,,,,,0,,,,,,0,,,,,,0,,,,,,0,,,,,,0,,,,,,0,,,,,,0,,,,,,0,,,,,,0,,,,,,0,,,,,,0,,,,,,0,,,,,,0,,,,,,0,,,,,,0,,,,,,0,,,,,,0,,,,,,0,,,,,,0,,,,,,0,,,,,,0,,,,,,0,,,,,,0,,,,,,0,,,,,,0,,,,,,0,,,,,,0,,,,,,0,,,,,,0,,,,,,0,,,,,,0,,,,,,0,,,,,,0,,,,,,0,,,,,,0,,,,,,0,,,,,,0,,,,,,0,,,,,,0,,,,,,0,,,,,,0,
Iringa,Iringa DC,,,,,,,0,,,,,,0,,,,,,0,,,,,,0,,,,,,0,,,,,,0,,,,,,0,,,,,,0,,,,,,0,,,,,,0,,,,,,0,,,,,,0,,,,,,0,,,,,,0,,,,,,0,,,,,,0,,,,,,0,,,,,,0,,,,,,0,,,,,,0,,,,,,0,,,,,,0,,,,,,0,,,,,,0,,,,,,0,,,,,,0,,,,,,0,,,,,,0,,,,,,0,,,,,,0,,,,,,0,,,,,,0,,,,,,0,,,,,,0,,,,,,0,,,,,,0,,,,,,0,,,,,,0,,,,,,0,,,,,,0,,,,,,0,,,,,,0,,,,,,0,,,,,,0,,,,,,0,,,,,,0,,,,,,0,,,,,,0,,,,,,0,,,,,,0,,,,,,0,,,,,,0,,,,,,0,,,,,,0,,,,,,0,,,,,,0,,,,,,0,,,,,,0,,,,,,0,,,,,,0,,,,,,0,,,,,,0,,,,,,0,,,,,,0,,,,,,0,,,,,,0,,,,,,0,,,,,,0,,,,,,0,,,,,,0,,,,,,0,,,,,,0,,,,,,0,,,,,,0,,,,,,0,,,,,,0,,,,,,0,,,,,,0,,,,,,0,,,,,,0,,,,,,0,,,,,,0,,,,,,0,,,,,,0,,,,,,0,,,,,,0,,,,,,0,,,,,,0,,,,,,0,,,,,,0,,,,,,0,,,,,,0,,,,,,0,,,,,,0,,,,,,0,,,,,,0,,,,,,0,,,,,,0,,,,,,0,,,,,,0,,,,,,0,,,,,,0,,,,,,0,,,,,,0,,,,,,0,,,,,,0,,,,,,0,,,,,,0,,,,,,0,,,,,,0,,,,,,0,,,,,,0,,,,,,0,,,,,,0,,,,,,0,,,,,,0,,,,,,0,,,,,,0,,,,,,0,,,,,,0,,,,,,0,,,,,,0,,,,,,0,,,,,,0,,,,,,0,,,,,,0,,,,,,0,,,,,,0,,,,,,0,
Iringa,Kilolo DC,,,,,,,0,,,,,,0,,,,,,0,,,,,,0,,,,,,0,,,,,,0,,,,,,0,,,,,,0,,,,,,0,,,,,,0,,,,,,0,,,,,,0,,,,,,0,,,,,,0,,,,,,0,,,,,,0,,,,,,0,,,,,,0,,,,,,0,,,,,,0,,,,,,0,,,,,,0,,,,,,0,,,,,,0,,,,,,0,,,,,,0,,,,,,0,,,,,,0,,,,,,0,,,,,,0,,,,,,0,,,,,,0,,,,,,0,,,,,,0,,,,,,0,,,,,,0,,,,,,0,,,,,,0,,,,,,0,,,,,,0,,,,,,0,,,,,,0,,,,,,0,,,,,,0,,,,,,0,,,,,,0,,,,,,0,,,,,,0,,,,,,0,,,,,,0,,,,,,0,,,,,,0,,,,,,0,,,,,,0,,,,,,0,,,,,,0,,,,,,0,,,,,,0,,,,,,0,,,,,,0,,,,,,0,,,,,,0,,,,,,0,,,,,,0,,,,,,0,,,,,,0,,,,,,0,,,,,,0,,,,,,0,,,,,,0,,,,,,0,,,,,,0,,,,,,0,,,,,,0,,,,,,0,,,,,,0,,,,,,0,,,,,,0,,,,,,0,,,,,,0,,,,,,0,,,,,,0,,,,,,0,,,,,,0,,,,,,0,,,,,,0,,,,,,0,,,,,,0,,,,,,0,,,,,,0,,,,,,0,,,,,,0,,,,,,0,,,,,,0,,,,,,0,,,,,,0,,,,,,0,,,,,,0,,,,,,0,,,,,,0,,,,,,0,,,,,,0,,,,,,0,,,,,,0,,,,,,0,,,,,,0,,,,,,0,,,,,,0,,,,,,0,,,,,,0,,,,,,0,,,,,,0,,,,,,0,,,,,,0,,,,,,0,,,,,,0,,,,,,0,,,,,,0,,,,,,0,,,,,,0,,,,,,0,,,,,,0,,,,,,0,,,,,,0,,,,,,0,,,,,,0,,,,,,0,,,,,,0,,,,,,0,
Iringa,Mufindi DC,,,,,,,0,,,,,,0,,,,,,0,,,,,,0,,,,,,0,,,,,,0,,,,,,0,,,,,,0,,,,,,0,,,,,,0,,,,,,0,,,,,,0,,,,,,0,,,,,,0,,,,,,0,,,,,,0,,,,,,0,,,,,,0,,,,,,0,,,,,,0,,,,,,0,,,,,,0,,,,,,0,,,,,,0,,,,,,0,,,,,,0,,,,,,0,,,,,,0,,,,,,0,,,,,,0,,,,,,0,,,,,,0,,,,,,0,,,,,,0,,,,,,0,,,,,,0,,,,,,0,,,,,,0,,,,,,0,,,,,,0,,,,,,0,,,,,,0,,,,,,0,,,,,,0,,,,,,0,,,,,,0,,,,,,0,,,,,,0,,,,,,0,,,,,,0,,,,,,0,,,,,,0,,,,,,0,,,,,,0,,,,,,0,,,,,,0,,,,,,0,,,,,,0,,,,,,0,,,,,,0,,,,,,0,,,,,,0,,,,,,0,,,,,,0,,,,,,0,,,,,,0,,,,,,0,,,,,,0,,,,,,0,,,,,,0,,,,,,0,,,,,,0,,,,,,0,,,,,,0,,,,,,0,,,,,,0,,,,,,0,,,,,,0,,,,,,0,,,,,,0,,,,,,0,,,,,,0,,,,,,0,,,,,,0,,,,,,0,,,,,,0,,,,,,0,,,,,,0,,,,,,0,,,,,,0,,,,,,0,,,,,,0,,,,,,0,,,,,,0,,,,,,0,,,,,,0,,,,,,0,,,,,,0,,,,,,0,,,,,,0,,,,,,0,,,,,,0,,,,,,0,,,,,,0,,,,,,0,,,,,,0,,,,,,0,,,,,,0,,,,,,0,,,,,,0,,,,,,0,,,,,,0,,,,,,0,,,,,,0,,,,,,0,,,,,,0,,,,,,0,,,,,,0,,,,,,0,,,,,,0,,,,,,0,,,,,,0,,,,,,0,,,,,,0,,,,,,0,,,,,,0,,,,,,0,,,,,,0,,,,,,0,
Kaskazini Pemba,Micheweni,,,,,,,0,,,,,,0,,,,,,0,,,,,,0,,,,,,0,,,,,,0,,,,,,0,,,,,,0,,,,,,0,,,,,,0,,,,,,0,,,,,,0,,,,,,0,,,,,,0,,,,,,0,,,,,,0,,,,,,0,,,,,,0,,,,,,0,,,,,,0,,,,,,0,,,,,,0,,,,,,0,,,,,,0,,,,,,0,,,,,,0,,,,,,0,,,,,,0,,,,,,0,,,,,,0,,,,,,0,,,,,,0,,,,,,0,,,,,,0,,,,,,0,,,,,,0,,,,,,0,,,,,,0,,,,,,0,,,,,,0,,,,,,0,,,,,,0,,,,,,0,,,,,,0,,,,,,0,,,,,,0,,,,,,0,,,,,,0,,,,,,0,,,,,,0,,,,,,0,,,,,,0,,,,,,0,,,,,,0,,,,,,0,,,,,,0,,,,,,0,,,,,,0,,,,,,0,,,,,,0,,,,,,0,,,,,,0,,,,,,0,,,,,,0,,,,,,0,,,,,,0,,,,,,0,,,,,,0,,,,,,0,,,,,,0,,,,,,0,,,,,,0,,,,,,0,,,,,,0,,,,,,0,,,,,,0,,,,,,0,,,,,,0,,,,,,0,,,,,,0,,,,,,0,,,,,,0,,,,,,0,,,,,,0,,,,,,0,,,,,,0,,,,,,0,,,,,,0,,,,,,0,,,,,,0,,,,,,0,,,,,,0,,,,,,0,,,,,,0,,,,,,0,,,,,,0,,,,,,0,,,,,,0,,,,,,0,,,,,,0,,,,,,0,,,,,,0,,,,,,0,,,,,,0,,,,,,0,,,,,,0,,,,,,0,,,,,,0,,,,,,0,,,,,,0,,,,,,0,,,,,,0,,,,,,0,,,,,,0,,,,,,0,,,,,,0,,,,,,0,,,,,,0,,,,,,0,,,,,,0,,,,,,0,,,,,,0,,,,,,0,,,,,,0,,,,,,0,,,,,,0,,,,,,0,,,,,,0,,,,,,0,
Kaskazini Pemba,Wete,,,,,,,0, ,,,,,0,,,,,,0,,,,,,0,,,,,,0,,,,,,0,,,,,,0,,,,,,0,,,,,,0,,,,,,0,,,,,,0,,,,,,0,,,,,,0,,,,,,0,,,,,,0,,,,,,0,,,,,,0,,,,,,0,,,,,,0,,,,,,0,,,,,,0,,,,,,0,,,,,,0,,,,,,0,,,,,,0,,,,,,0,,,,,,0,,,,,,0,,,,,,0,,,,,,0,,,,,,0,,,,,,0,,,,,,0,,,,,,0,,,,,,0,,,,,,0,,,,,,0,,,,,,0,,,,,,0,,,,,,0,,,,,,0,,,,,,0,,,,,,0,,,,,,0,,,,,,0,,,,,,0,,,,,,0,,,,,,0,,,,,,0,,,,,,0,,,,,,0,,,,,,0,,,,,,0,,,,,,0,,,,,,0,,,,,,0,,,,,,0,,,,,,0,,,,,,0,,,,,,0,,,,,,0,,,,,,0,,,,,,0,,,,,,0,,,,,,0,,,,,,0,,,,,,0,,,,,,0,,,,,,0,,,,,,0,,,,,,0,,,,,,0,,,,,,0,,,,,,0,,,,,,0,,,,,,0,,,,,,0,,,,,,0,,,,,,0,,,,,,0,,,,,,0,,,,,,0,,,,,,0,,,,,,0,,,,,,0,,,,,,0,,,,,,0,,,,,,0,,,,,,0,,,,,,0,,,,,,0,,,,,,0,,,,,,0,,,,,,0,,,,,,0,,,,,,0,,,,,,0,,,,,,0,,,,,,0,,,,,,0,,,,,,0,,,,,,0,,,,,,0,,,,,,0,,,,,,0,,,,,,0,,,,,,0,,,,,,0,,,,,,0,,,,,,0,,,,,,0,,,,,,0,,,,,,0,,,,,,0,,,,,,0,,,,,,0,,,,,,0,,,,,,0,,,,,,0,,,,,,0,,,,,,0,,,,,,0,,,,,,0,,,,,,0,,,,,,0,,,,,,0,,,,,,0,,,,,,0,,,,,,0,
Kaskazini Unguja,Kaskazini A,,,,,,,0,,,,,,0,,,,,,0,,,,,,0,,,,,,0,,,,,,0,,,,,,0,,,,,,0,,,,,,0,,,,,,0,,,,,,0,,,,,,0,,,,,,0,,,,,,0,,,,,,0,,,,,,0,,,,,,0,,,,,,0,,,,,,0,,,,,,0,,,,,,0,,,,,,0,,,,,,0,,,,,,0,,,,,,0,,,,,,0,,,,,,0,,,,,,0,,,,,,0,,,,,,0,,,,,,0,,,,,,0,,,,,,0,,,,,,0,,,,,,0,,,,,,0,,,,,,0,,,,,,0,,,,,,0,,,,,,0,,,,,,0,,,,,,0,,,,,,0,,,,,,0,,,,,,0,,,,,,0,,,,,,0,,,,,,0,,,,,,0,,,,,,0,,,,,,0,,,,,,0,,,,,,0,,,,,,0,,,,,,0,,,,,,0,,,,,,0,,,,,,0,,,,,,0,,,,,,0,,,,,,0,,,,,,0,,,,,,0,,,,,,0,,,,,,0,,,,,,0,,,,,,0,,,,,,0,,,,,,0,,,,,,0,,,,,,0,,,,,,0,,,,,,0,,,,,,0,,,,,,0,,,,,,0,,,,,,0,,,,,,0,,,,,,0,,,,,,0,,,,,,0,,,,,,0,,,,,,0,,,,,,0,,,,,,0,,,,,,0,,,,,,0,,,,,,0,,,,,,0,,,,,,0,,,,,,0,,,,,,0,,,,,,0,,,,,,0,,,,,,0,,,,,,0,,,,,,0,,,,,,0,,,,,,0,,,,,,0,,,,,,0,,,,,,0,,,,,,0,,,,,,0,,,,,,0,,,,,,0,,,,,,0,,,,,,0,,,,,,0,,,,,,0,,,,,,0,,,,,,0,,,,,,0,,,,,,0,,,,,,0,,,,,,0,,,,,,0,,,,,,0,,,,,,0,,,,,,0,,,,,,0,,,,,,0,,,,,,0,,,,,,0,,,,,,0,,,,,,0,,,,,,0,,,,,,0,,,,,,0,
Kaskazini Unguja,Kaskazini B,,,,,,,0,,,,,,0,,,,,,0,,,,,,0,,,,,,0,,,,,,0,,,,,,0,,,,,,0,,,,,,0,,,,,,0,,,,,,0,,,,,,0,,,,,,0,,,,,,0,,,,,,0,,,,,,0,,,,,,0,,,,,,0,,,,,,0,,,,,,0,,,,,,0,,,,,,0,,,,,,0,,,,,,0,,,,,,0,,,,,,0,,,,,,0,,,,,,0,,,,,,0,,,,,,0,,,,,,0,,,,,,0,,,,,,0,,,,,,0,,,,,,0,,,,,,0,,,,,,0,,,,,,0,,,,,,0,,,,,,0,,,,,,0,,,,,,0,,,,,,0,,,,,,0,,,,,,0,,,,,,0,,,,,,0,,,,,,0,,,,,,0,,,,,,0,,,,,,0,,,,,,0,,,,,,0,,,,,,0,,,,,,0,,,,,,0,,,,,,0,,,,,,0,,,,,,0,,,,,,0,,,,,,0,,,,,,0,,,,,,0,,,,,,0,,,,,,0,,,,,,0,,,,,,0,,,,,,0,,,,,,0,,,,,,0,,,,,,0,,,,,,0,,,,,,0,,,,,,0,,,,,,0,,,,,,0,,,,,,0,,,,,,0,,,,,,0,,,,,,0,,,,,,0,,,,,,0,,,,,,0,,,,,,0,,,,,,0,,,,,,0,,,,,,0,,,,,,0,,,,,,0,,,,,,0,,,,,,0,,,,,,0,,,,,,0,,,,,,0,,,,,,0,,,,,,0,,,,,,0,,,,,,0,,,,,,0,,,,,,0,,,,,,0,,,,,,0,,,,,,0,,,,,,0,,,,,,0,,,,,,0,,,,,,0,,,,,,0,,,,,,0,,,,,,0,,,,,,0,,,,,,0,,,,,,0,,,,,,0,,,,,,0,,,,,,0,,,,,,0,,,,,,0,,,,,,0,,,,,,0,,,,,,0,,,,,,0,,,,,,0,,,,,,0,,,,,,0,,,,,,0,,,,,,0,,,,,,0,,,,,,0,
Katavi,Mlele DC,,,,,,,0,,,,,,0,,,,,,0,,,,,,0,,,,,,0,,,,,,0,,,,,,0,,,,,,0,,,,,,0,,,,,,0,,,,,,0,,,,,,0,,,,,,0,,,,,,0,,,,,,0,,,,,,0,,,,,,0,,,,,,0,,,,,,0,,,,,,0,,,,,,0,,,,,,0,,,,,,0,,,,,,0,,,,,,0,,,,,,0,,,,,,0,,,,,,0,,,,,,0,,,,,,0,,,,,,0,,,,,,0,,,,,,0,,,,,,0,,,,,,0,,,,,,0,,,,,,0,,,,,,0,,,,,,0,,,,,,0,,,,,,0,,,,,,0,,,,,,0,,,,,,0,,,,,,0,,,,,,0,,,,,,0,,,,,,0,,,,,,0,,,,,,0,,,,,,0,,,,,,0,,,,,,0,,,,,,0,,,,,,0,,,,,,0,,,,,,0,,,,,,0,,,,,,0,,,,,,0,,,,,,0,,,,,,0,,,,,,0,,,,,,0,,,,,,0,,,,,,0,,,,,,0,,,,,,0,,,,,,0,,,,,,0,,,,,,0,,,,,,0,,,,,,0,,,,,,0,,,,,,0,,,,,,0,,,,,,0,,,,,,0,,,,,,0,,,,,,0,,,,,,0,,,,,,0,,,,,,0,,,,,,0,,,,,,0,,,,,,0,,,,,,0,,,,,,0,,,,,,0,,,,,,0,,,,,,0,,,,,,0,,,,,,0,,,,,,0,,,,,,0,,,,,,0,,,,,,0,,,,,,0,,,,,,0,,,,,,0,,,,,,0,,,,,,0,,,,,,0,,,,,,0,,,,,,0,,,,,,0,,,,,,0,,,,,,0,,,,,,0,,,,,,0,,,,,,0,,,,,,0,,,,,,0,,,,,,0,,,,,,0,,,,,,0,,,,,,0,,,,,,0,,,,,,0,,,,,,0,,,,,,0,,,,,,0,,,,,,0,,,,,,0,,,,,,0,,,,,,0,,,,,,0,,,,,,0,,,,,,0,
Katavi,Mpanda MC,,,,,,,0,,,,,,0,,,,,,0,,,,,,0,,,,,,0,,,,,,0,,,,,,0,,,,,,0,,,,,,0,,,,,,0,,,,,,0,,,,,24,24,,,,,65,65,,,,,24,24,,,,,106,106,,,,,,0,,,,,,0,,,,,,0,,,,,,0,,,,,3,3,,,,,,0,,,,,2,2,,,,,,0,,,,,,0,,,,,,0,,,,,,0,,,,,,0,,,,,,0,,,,,15,15,,,,,1,1,,,,,4,4,,,,,1,1,,,,,,0,,,,,,0,,,,,,0,,,,,,0,,,,,,0,,,,,,0,,,,,,0,,,,,,0,,,,,,0,,,,,,0,,,,,,0,,,,,,0,,,,,,0,11,8,6,4,,29,,,,,2874606,2874606,,,,,,0,,,,,,0,,,,,,0,,,,,,0,41,45,29,30,,145,,,,,,0,,,,,,0,41,45,29,30,,145,,,,,,0,,,,,,0,,,,,,0,,,,,1,1,,,,,1,1,,,,,1,1,24,27,20,22,,93,,,,,,0,,,,,,0,,,,,,0,43,49,30,36,,158,45,50,32,43,,170,,,,,,0,46,51,35,40,,172,,,,,60,60,,,,,,0,,,,,,0,,,,,,0,,,,,,0,,,,,,0,,,,,,0,,,,,,0,,,,,,0,,,,,,0,,,,,,0,,,,,,0,,,,,,0,,,,,,0,,,,,,0,,,,,,0,,,,,,0,,,,,,0,,,,,,0,,,,,,0,,,,,,0,,,,,92,92,7,14,9,10,,40,,,,,1,1,412,508,350,365,,1635,1,,,,,1,,,,,,0,10,17,8,5,,40,,,,,,0,26,47,19,30,,122,,,,,1,1,,,,,,0,,,,,,0,,,,,,0,,,,,,0,,,,,,0,,,,,,0,,,,,,0,,,,,,0,,,,,,0,,,,,,0,,,,,,0,,,,,,0,,,,,,0,,,,,,0,,,,,,0,,,,,,0,,,,,,0,,,,,,0,,,,,,0,,,,,,0,,,,,,0,,,,,,0,,,,,,0,,,,,,0,,,,,,0,,,,,,0,,,,,,0,,,,,,0,,,,,,0,
Katavi,Nsimbo MC,,,,,,,0,,,,,,0,,,,,,0,,,,,,0,,,,,1,1,,,,,,0,,,,,,0,,,,,,0,,,,,,0,,,,,,0,,,,,,0,9,18,4,3,,34,26,32,10,15,,83,9,14,4,3,,30,37,42,23,34,,136,,,,,,0,,,,,,0,,,,,,0,,,,,,0,2,2,,,,4,9,18,4,3,,34,,,,,,0,,,,,,0,,,,,1,1,,,,,,0,,,,,,0,,,,,,0,14,26,9,11,,60,10,24,4,3,,41,,,,,3,3,,,,,6,6,,,,,,0,,,,,,0,,,,,,0,,,,,,0,,,,,,0,,,,,,0,,,,,,0,,,,,,0,,,,,,0,,,,,,0,,,,,,0,,,,,,0,,,,,,0,,,,,,0,3,30,1,2,,36,,,,,,0,,,,,,0,,,,,,0,,,,,,0,,,,,32,32,47,72,23,44,,186,,,,,,0,,,,,45,45,47,72,23,44,,186,,,,,,0,,,,,,0,,,,,,0,,,,,,0,,,,,,0,,,,,1,1,37,53,19,11,,120,,,,,,0,,,,,,0,,,,,45,45,61,89,37,16,,203,58,103,35,22,,218,,,,,1,1,58,103,35,22,,218,17,33,8,13,,71,,,,,,0,,,,,,0,,,,,,0,,,,,,0,,,12,8,,20,,,,,,0,,,,,,0,,,,,,0,,,,,,0,,,,,,0,,,,,,0,,,,,,0,,,,,,0,,,,,,0,,30,,,,30,,,,,,0,,,,,,0,,,,,,0,,,,,,0,,,,,,0,31,57,12,18,,118,31,57,12,18,,118,,,,,1,1,504,1042,196,360,,2102,,,,,,0,,,,,,0,11,29,6,6,,52,,,,,,0,,,,,,0,,,,,,0,,,,,,0,,,,,,0,,,,,,0,,,,,,0,,,,,,0,,,,,,0,,,,,,0,,,,,,0,,,,,,0,,,,,,0,,,,,,0,,,,,,0,,,,,,0,,,,,,0,,,,,,0,,,,,,0,,,,,,0,,,,,,0,,,,,,0,,,,,,0,,,,,,0,,,,,,0,,,,,,0,,,,,,0,,,,,,0,,,,,,0,,,,,,0,,,,,,0,,,,,,0,
Katavi,Tanganyika,,0,0,0,0,,0,,,,,0,0,,,,,0,0,,,,,0,0,,,,,,0,,,,,,0,,,,,,0,,,,,,0,,,,,,0,,,,,,0,,,,,,0,3,5,5,1,,14,9,13,6,9,,37,3,5,3,3,,14,17,27,9,8,,61,,,,,,0,,,,,,0,,,,,,0,,,,,,0,,,,,,0,0,0,0,0,,0,,,,,,0,,,,,0,0,,,,,0,0,,,,,,0,,,,,,0,,,,,0,0,,,,,0,0,2,2,2,2,,8,,,,,2,2,,,,,3,3,,,,,1,1,,,,,,0,,,,,,0,,,,,,0,,,,,,0,,,,,,0,,,,,,0,,,,,,0,,,,,0,0,,,,,,0,0,0,0,0,,0,0,0,0,0,,0,,,,,0,0,,,,,0,0,4,5,6,1,,16,,,,,1642632,1642632,,,,,0,0,,,,,,0,,,,,,0,,,,,,0,18,42,11,12,,83,,,,,0,0,,,,,,0,18,42,11,12,,83,,,,,0,0,0,0,0,0,,0,0,0,0,0,,0,,,,,,0,,,,,0,0,,,,,1,1,14,23,9,8,,54,,,,,0,0,,,,,0,0,,,,,2,2,24,43,12,11,,90,23,44,11,19,,97,,,,,1,1,23,44,11,19,,97,,,,,34,34,,,,,0,0,,,,,0,0,,,,,1,1,,,,,0,0,,,,,0,0,,,,,0,0,,,,,,0,,,,,,0,,,,,,0,,,,,,0,,,,,,0,,,,,,0,,,,,,0,,,,,,0,,,,,,0,,,,,,0,,,,,,0,,,,,,0,,,,,,0,,,,,0,0,14,23,9,8,,54,14,23,9,8,,54,,,,,1,1,234,568,100,87,,989,,,,,,0,,,,,,0,6,11,4,3,,24,,,,,,0,17,29,11,13,,70,,,,,1,1,0,0,0,0,,0,,,,,,0,,,,,,0,,,,,,0,,,,,,0,,,,,,0,,,,,,0,,,,,,0,,,,,,0,,,,,,0,,,,,,0,,,,,,0,,,,,,0,,,,,,0,,,,,,0,,,,,,0,,,,,,0,,,,,,0,,,,,,0,,,,,,0,,,,,,0,,,,,,0,,,,,,0,,,,,,0,,,,,,0,,,,,,0,,,,,,0,,,,,,0,,,,,,0,
Kusini Pemba,Chake Chake,,,,,,,0,,,,,,0,,,,,,0,,,,,,0,,,,,,0,,,,,,0,,,,,,0,,,,,,0,,,,,,0,,,,,,0,,,,,,0,,,,,,0,,,,,,0,,,,,,0,,,,,,0,,,,,,0,,,,,,0,,,,,,0,,,,,,0,,,,,,0,,,,,,0,,,,,,0,,,,,,0,,,,,,0,,,,,,0,,,,,,0,,,,,,0,,,,,,0,,,,,,0,,,,,,0,,,,,,0,,,,,,0,,,,,,0,,,,,,0,,,,,,0,,,,,,0,,,,,,0,,,,,,0,,,,,,0,,,,,,0,,,,,,0,,,,,,0,,,,,,0,,,,,,0,,,,,,0,,,,,,0,,,,,,0,,,,,,0,,,,,,0,,,,,,0,,,,,,0,,,,,,0,,,,,,0,,,,,,0,,,,,,0,,,,,,0,,,,,,0,,,,,,0,,,,,,0,,,,,,0,,,,,,0,,,,,,0,,,,,,0,,,,,,0,,,,,,0,,,,,,0,,,,,,0,,,,,,0,,,,,,0,,,,,,0,,,,,,0,,,,,,0,,,,,,0,,,,,,0,,,,,,0,,,,,,0,,,,,,0,,,,,,0,,,,,,0,,,,,,0,,,,,,0,,,,,,0,,,,,,0,,,,,,0,,,,,,0,,,,,,0,,,,,,0,,,,,,0,,,,,,0,,,,,,0,,,,,,0,,,,,,0,,,,,,0,,,,,,0,,,,,,0,,,,,,0,,,,,,0,,,,,,0,,,,,,0,,,,,,0,,,,,,0,,,,,,0,,,,,,0,,,,,,0,,,,,,0,,,,,,0,,,,,,0,,,,,,0,,,,,,0,,,,,,0,,,,,,0,,,,,,0,,,,,,0,,,,,,0,,,,,,0,,,,,,0,,,,,,0,,,,,,0,,,,,,0,,,,,,0,,,,,,0,,,,,,0,,,,,,0,,,,,,0,,,,,,0,,,,,,0,,,,,,0,,,,,,0,,,,,,0,
Kusini Pemba,Mkoani,,,,,,,0,,,,,,0,,,,,,0,,,,,,0,,,,,,0,,,,,,0,,,,,,0,,,,,,0,,,,,,0,,,,,,0,,,,,,0,,,,,,0,,,,,,0,,,,,,0,,,,,,0,,,,,,0,,,,,,0,,,,,,0,,,,,,0,,,,,,0,,,,,,0,,,,,,0,,,,,,0,,,,,,0,,,,,,0,,,,,,0,,,,,,0,,,,,,0,,,,,,0,,,,,,0,,,,,,0,,,,,,0,,,,,,0,,,,,,0,,,,,,0,,,,,,0,,,,,,0,,,,,,0,,,,,,0,,,,,,0,,,,,,0,,,,,,0,,,,,,0,,,,,,0,,,,,,0,,,,,,0,,,,,,0,,,,,,0,,,,,,0,,,,,,0,,,,,,0,,,,,,0,,,,,,0,,,,,,0,,,,,,0,,,,,,0,,,,,,0,,,,,,0,,,,,,0,,,,,,0,,,,,,0,,,,,,0,,,,,,0,,,,,,0,,,,,,0,,,,,,0,,,,,,0,,,,,,0,,,,,,0,,,,,,0,,,,,,0,,,,,,0,,,,,,0,,,,,,0,,,,,,0,,,,,,0,,,,,,0,,,,,,0,,,,,,0,,,,,,0,,,,,,0,,,,,,0,,,,,,0,,,,,,0,,,,,,0,,,,,,0,,,,,,0,,,,,,0,,,,,,0,,,,,,0,,,,,,0,,,,,,0,,,,,,0,,,,,,0,,,,,,0,,,,,,0,,,,,,0,,,,,,0,,,,,,0,,,,,,0,,,,,,0,,,,,,0,,,,,,0,,,,,,0,,,,,,0,,,,,,0,,,,,,0,,,,,,0,,,,,,0,,,,,,0,,,,,,0,,,,,,0,,,,,,0,,,,,,0,,,,,,0,,,,,,0,,,,,,0,,,,,,0,,,,,,0,,,,,,0,,,,,,0,,,,,,0,,,,,,0,,,,,,0,,,,,,0,,,,,,0,,,,,,0,,,,,,0,,,,,,0,
Kusini Unguja,Kati,,,,,,,0,,,,,,0,,,,,,0,,,,,,0,,,,,,0,,,,,,0,,,,,,0,,,,,,0,,,,,,0,,,,,,0,,,,,,0,,,,,,0,,,,,,0,,,,,,0,,,,,,0,,,,,,0,,,,,,0,,,,,,0,,,,,,0,,,,,,0,,,,,,0,,,,,,0,,,,,,0,,,,,,0,,,,,,0,,,,,,0,,,,,,0,,,,,,0,,,,,,0,,,,,,0,,,,,,0,,,,,,0,,,,,,0,,,,,,0,,,,,,0,,,,,,0,,,,,,0,,,,,,0,,,,,,0,,,,,,0,,,,,,0,,,,,,0,,,,,,0,,,,,,0,,,,,,0,,,,,,0,,,,,,0,,,,,,0,,,,,,0,,,,,,0,,,,,,0,,,,,,0,,,,,,0,,,,,,0,,,,,,0,,,,,,0,,,,,,0,,,,,,0,,,,,,0,,,,,,0,,,,,,0,,,,,,0,,,,,,0,,,,,,0,,,,,,0,,,,,,0,,,,,,0,,,,,,0,,,,,,0,,,,,,0,,,,,,0,,,,,,0,,,,,,0,,,,,,0,,,,,,0,,,,,,0,,,,,,0,,,,,,0,,,,,,0,,,,,,0,,,,,,0,,,,,,0,,,,,,0,,,,,,0,,,,,,0,,,,,,0,,,,,,0,,,,,,0,,,,,,0,,,,,,0,,,,,,0,,,,,,0,,,,,,0,,,,,,0,,,,,,0,,,,,,0,,,,,,0,,,,,,0,,,,,,0,,,,,,0,,,,,,0,,,,,,0,,,,,,0,,,,,,0,,,,,,0,,,,,,0,,,,,,0,,,,,,0,,,,,,0,,,,,,0,,,,,,0,,,,,,0,,,,,,0,,,,,,0,,,,,,0,,,,,,0,,,,,,0,,,,,,0,,,,,,0,,,,,,0,,,,,,0,,,,,,0,,,,,,0,,,,,,0,,,,,,0,,,,,,0,,,,,,0,,,,,,0,,,,,,0,
Kusini Unguja,Kusini,,,,,,,0,,,,,,0,,,,,,0,,,,,,0,,,,,,0,,,,,,0,,,,,,0,,,,,,0,,,,,,0,,,,,,0,,,,,,0,,,,,,0,,,,,,0,,,,,,0,,,,,,0,,,,,,0,,,,,,0,,,,,,0,,,,,,0,,,,,,0,,,,,,0,,,,,,0,,,,,,0,,,,,,0,,,,,,0,,,,,,0,,,,,,0,,,,,,0,,,,,,0,,,,,,0,,,,,,0,,,,,,0,,,,,,0,,,,,,0,,,,,,0,,,,,,0,,,,,,0,,,,,,0,,,,,,0,,,,,,0,,,,,,0,,,,,,0,,,,,,0,,,,,,0,,,,,,0,,,,,,0,,,,,,0,,,,,,0,,,,,,0,,,,,,0,,,,,,0,,,,,,0,,,,,,0,,,,,,0,,,,,,0,,,,,,0,,,,,,0,,,,,,0,,,,,,0,,,,,,0,,,,,,0,,,,,,0,,,,,,0,,,,,,0,,,,,,0,,,,,,0,,,,,,0,,,,,,0,,,,,,0,,,,,,0,,,,,,0,,,,,,0,,,,,,0,,,,,,0,,,,,,0,,,,,,0,,,,,,0,,,,,,0,,,,,,0,,,,,,0,,,,,,0,,,,,,0,,,,,,0,,,,,,0,,,,,,0,,,,,,0,,,,,,0,,,,,,0,,,,,,0,,,,,,0,,,,,,0,,,,,,0,,,,,,0,,,,,,0,,,,,,0,,,,,,0,,,,,,0,,,,,,0,,,,,,0,,,,,,0,,,,,,0,,,,,,0,,,,,,0,,,,,,0,,,,,,0,,,,,,0,,,,,,0,,,,,,0,,,,,,0,,,,,,0,,,,,,0,,,,,,0,,,,,,0,,,,,,0,,,,,,0,,,,,,0,,,,,,0,,,,,,0,,,,,,0,,,,,,0,,,,,,0,,,,,,0,,,,,,0,,,,,,0,,,,,,0,,,,,,0,,,,,,0,,,,,,0,,,,,,0,
Mbeya,Busokelo DC,,,,,,,0,,,,,,0,,,,,,0,,,,,,0,,,,,,0,,,,,,0,,,,,,0,,,,,,0,,,,,,0,,,,,,0,,,,,,0,,,,,,0,,,,,,0,,,,,,0,,,,,,0,,,,,,0,,,,,,0,,,,,,0,,,,,,0,,,,,,0,,,,,,0,,,,,,0,,,,,,0,,,,,,0,,,,,,0,,,,,,0,,,,,,0,,,,,,0,,,,,,0,,,,,,0,,,,,15,15,,,,,,0,,,,,,0,,,,,,0,,,,,,0,,,,,,0,,,,,,0,,,,,,0,,,,,,0,,,,,35,35,,,,,,0,202,121,303,281,,907,202,121,303,281,,907,,,,,,0,,,,,,0,,,,,,0,,,,,,0,,,,,,0,,,,,,0,,,,,,0,,,,,,0,,,,,,0,,,,,,0,,,,,,0,,,,,,0,,,,,,0,,,,,,0,,,,,,0,,,,,,0,,,,,,0,,,,,,0,,,,,,0,,,,,,0,,,,,,0,,,,,,0,,,,,,0,,,,,,0,,,,,,0,,,,,,0,,,,,,0,,,,,,0,,,,,,0,,,,,,0,,,,,,0,,,,,,0,,,,,,0,,,,,,0,,,,,,0,,,,,,0,,,,,,0,,,,,,0,,,,,,0,,,,,,0,,,,,,0,,,,,,0,,,,,,0,,,,,,0,,,,,,0,,,,,,0,,,,,,0,,,,,,0,,,,,,0,,,,,,0,,,,,,0,,,,,,0,,,,,,0,,,,,,0,,,,,,0,,,,,,0,,,,,,0,,,,,,0,,,,,,0,,,,,,0,,,,,,0,,,,,,0,,,,,,0,,,,,,0,,,,,,0,,,,,,0,,,,,,0,,,,,,0,,,,,,0,,,,,,0,,,,,,0,,,,,,0,,,,,,0,,,,,,0,,,,,,0,,,,,,0,,,,,,0,,,,,,0,,,,,,0,,,,,,0,,,,,,0,,,,,,0,,,,,,0,,,,,,0,,,,,,0,,,,,,0,
Mbeya,Mbarali DC,,,,,,,0,,,,,,0,,,,,,0,,,,,,0,,,,,,0,,,,,,0,,,,,,0,,,,,,0,,,,,,0,,,,,,0,,,,,,0,,,,,,0,,,,,,0,,,,,,0,,,,,,0,,,,,,0,,,,,,0,,,,,,0,,,,,,0,,,,,,0,,,,,,0,,,,,,0,,,,,,0,,,,,,0,,,,,,0,,,,,,0,,,,,,0,,,,,,0,,,,,,0,,,,,,0,,,,,20,20,,,,,1,1,,,,,,0,,,,,,0,,,,,,0,,,,,,0,,,,,,0,,,,,,0,,,,,,0,,,,,26,26,,,,,,0,320,190,285,158,,953,320,190,285,158,,953,,,,,,0,,,,,,0,,,,,,0,,,,,,0,,,,,,0,,,,,,0,,,,,,0,,,,,,0,,,,,,0,,,,,,0,,,,,,0,,,,,,0,,,,,,0,,,,,,0,,,,,,0,,,,,,0,,,,,,0,,,,,,0,,,,,,0,,,,,,0,,,,,,0,,,,,,0,,,,,,0,,,,,,0,,,,,,0,,,,,,0,,,,,,0,,,,,,0,,,,,,0,,,,,,0,,,,,,0,,,,,,0,,,,,,0,,,,,,0,,,,,,0,,,,,,0,,,,,,0,,,,,,0,,,,,,0,,,,,,0,,,,,,0,,,,,,0,,,,,,0,,,,,,0,,,,,,0,,,,,,0,,,,,,0,,,,,,0,,,,,,0,,,,,,0,,,,,,0,,,,,,0,,,,,,0,,,,,,0,,,,,,0,,,,,,0,,,,,,0,,,,,,0,,,,,,0,,,,,,0,,,,,,0,,,,,,0,,,,,,0,,,,,,0,,,,,,0,,,,,,0,,,,,,0,,,,,,0,,,,,,0,,,,,,0,,,,,,0,,,,,,0,,,,,,0,,,,,,0,,,,,,0,,,,,,0,,,,,,0,,,,,,0,,,,,,0,,,,,,0,,,,,,0,,,,,,0,,,,,,0,,,,,,0,,,,,,0,,,,,,0,
Mbeya,Mbeya DC,,,,,,,0,,,,,2,2,,,,,,0,,,,,,0,,,,,,0,,,,,,0,,,,,,0,,,,,,0,,,,,,0,,,,,,0,,,,,,0,,,,,,0,,,,,,0,,,,,,0,,,,,,0,,,,,,0,,,,,,0,,,,,,0,,,,,,0,,,,,,0,,,,,,0,,,,,,0,,,,,,0,,,,,,0,,,,,,0,,,,,,0,,,,,,0,,,,,,0,48,75,73,13,,209,,,,,5,5,,,,,30,30,,,,,2,2,,,,,,0,,,,,,0,,,,,,0,,,,,,0,,,,,,0,,,,,,0,,,,,,0,,,,,52,52,,,,,,0,187,305,254,404,,1150,187,305,254,404,,1150,,,,,,0,,,,,,0,,,,,,0,,,,,,0,,,,,,0,,,,,,0,,,,,,0,,,,,,0,,,,,,0,,,,,,0,,,,,,0,,,,,,0,,,,,,0,,,,,,0,,,,,,0,,,,,2,2,,,,,6,6,,,,,15,15,447,217,454,209,,1327,,,,,,0,,,,,,0,,,,,,0,,,,,,0,,,,,,0,,,,,,0,,,,,,0,,,,,,0,,,,,,0,,,,,,0,,,,,,0,,,,,,0,,,,,,0,,,,,,0,,,,,,0,,,,,,0,,,,,,0,,,,,,0,,,,,,0,,,,,,0,,,,,,0,,,,,,0,,,,,,0,,,,,,0,,,,,,0,,,,,,0,,,,,,0,,,,,,0,,,,,,0,,,,,,0,,,,,,0,,,,,,0,,,,,,0,,,,,,0,,,,,,0,,,,,,0,,,,,,0,,,,,,0,,,,,,0,,,,,,0,,,,,,0,,,,,,0,,,,,,0,,,,,,0,,,,,,0,,,,,,0,,,,,,0,,,,,,0,,,,,,0,,,,,,0,,,,,,0,,,,,,0,,,,,,0,,,,,,0,,,,,,0,,,,,,0,,,,,,0,,,,,,0,,,,,,0,,,,,,0,,,,,,0,,,,,,0,,,,,,0,,,,,,0,,,,,,0,,,,,,0,,,,,,0,
Mbeya,Rungwe DC,,,,,,,0,,,,,1,1,,,,,,0,,,,,,0,,,,,,0,,,,,,0,,,,,,0,,,,,,0,,,,,,0,,,,,,0,,,,,,0,,,,,,0,,,,,,0,,,,,,0,,,,,,0,,,,,,0,,,,,,0,,,,,,0,,,,,,0,,,,,,0,,,,,,0,,,,,,0,,,,,,0,,,,,,0,,,,,,0,,,,,,0,,,,,,0,,,,,,0,,,,,,0,,,,,,0,,,,,20,20,,,,,1,1,,,,,,0,,,,,,0,,,,,,0,,,,,,0,,,,,,0,,,,,,0,,,,,,0,,,,,88,88,,,,,,0,452,637,367,513,,1969,452,637,367,513,,1969,,,,,,0,,,,,,0,,,,,,0,,,,,,0,,,,,,0,,,,,,0,,,,,,0,,,,,,0,,,,,,0,,,,,,0,,,,,,0,,,,,,0,,,,,,0,,,,,,0,,,,,,0,,,,,,0,,,,,,0,,,,,,0,,,,,,0,,,,,,0,,,,,,0,,,,,,0,,,,,,0,,,,,,0,,,,,,0,,,,,,0,,,,,,0,,,,,,0,,,,,,0,,,,,,0,,,,,,0,,,,,,0,,,,,,0,,,,,,0,,,,,,0,,,,,,0,,,,,,0,,,,,,0,,,,,,0,,,,,,0,,,,,,0,,,,,,0,,,,,,0,,,,,,0,,,,,,0,,,,,,0,,,,,,0,,,,,,0,,,,,,0,,,,,,0,,,,,,0,,,,,,0,,,,,,0,,,,,,0,,,,,,0,,,,,,0,,,,,,0,,,,,,0,,,,,,0,,,,,,0,,,,,,0,,,,,,0,,,,,,0,,,,,,0,,,,,,0,,,,,,0,,,,,,0,,,,,,0,,,,,,0,,,,,,0,,,,,,0,,,,,,0,,,,,,0,,,,,,0,,,,,,0,,,,,,0,,,,,,0,,,,,,0,,,,,,0,,,,,,0,,,,,,0,,,,,,0,,,,,,0,,,,,,0,,,,,,0,,,,,,0,
Mjini Magharibi,Magharibi A,,,,,,,0,,,,,,0,,,,,,0,,,,,,0,,,,,,0,,,,,,0,,,,,,0,,,,,,0,,,,,,0,,,,,,0,,,,,,0,,,,,,0,,,,,,0,,,,,,0,,,,,,0,,,,,,0,,,,,,0,,,,,,0,,,,,,0,,,,,,0,,,,,,0,,,,,,0,,,,,,0,,,,,,0,,,,,,0,,,,,,0,,,,,,0,,,,,,0,,,,,,0,,,,,,0,,,,,,0,,,,,,0,,,,,,0,,,,,,0,,,,,,0,,,,,,0,,,,,,0,,,,,,0,,,,,,0,,,,,,0,,,,,,0,,,,,,0,,,,,,0,,,,,,0,,,,,,0,,,,,,0,,,,,,0,,,,,,0,,,,,,0,,,,,,0,,,,,,0,,,,,,0,,,,,,0,,,,,,0,,,,,,0,,,,,,0,,,,,,0,,,,,,0,,,,,,0,,,,,,0,,,,,,0,,,,,,0,,,,,,0,,,,,,0,,,,,,0,,,,,,0,,,,,,0,,,,,,0,,,,,,0,,,,,,0,,,,,,0,,,,,,0,,,,,,0,,,,,,0,,,,,,0,,,,,,0,,,,,,0,,,,,,0,,,,,,0,,,,,,0,,,,,,0,,,,,,0,,,,,,0,,,,,,0,,,,,,0,,,,,,0,,,,,,0,,,,,,0,,,,,,0,,,,,,0,,,,,,0,,,,,,0,,,,,,0,,,,,,0,,,,,,0,,,,,,0,,,,,,0,,,,,,0,,,,,,0,,,,,,0,,,,,,0,,,,,,0,,,,,,0,,,,,,0,,,,,,0,,,,,,0,,,,,,0,,,,,,0,,,,,,0,,,,,,0,,,,,,0,,,,,,0,,,,,,0,,,,,,0,,,,,,0,,,,,,0,,,,,,0,,,,,,0,,,,,,0,,,,,,0,,,,,,0,,,,,,0,,,,,,0,,,,,,0,,,,,,0,,,,,,0,,,,,,0,,,,,,0,,,,,,0,
Mjini Magharibi,Magharibi B,,,,,,,0,,,,,,0,,,,,,0,,,,,,0,,,,,,0,,,,,,0,,,,,,0,,,,,,0,,,,,,0,,,,,,0,,,,,,0,,,,,,0,,,,,,0,,,,,,0,,,,,,0,,,,,,0,,,,,,0,,,,,,0,,,,,,0,,,,,,0,,,,,,0,,,,,,0,,,,,,0,,,,,,0,,,,,,0,,,,,,0,,,,,,0,,,,,,0,,,,,,0,,,,,,0,,,,,,0,,,,,,0,,,,,,0,,,,,,0,,,,,,0,,,,,,0,,,,,,0,,,,,,0,,,,,,0,,,,,,0,,,,,,0,,,,,,0,,,,,,0,,,,,,0,,,,,,0,,,,,,0,,,,,,0,,,,,,0,,,,,,0,,,,,,0,,,,,,0,,,,,,0,,,,,,0,,,,,,0,,,,,,0,,,,,,0,,,,,,0,,,,,,0,,,,,,0,,,,,,0,,,,,,0,,,,,,0,,,,,,0,,,,,,0,,,,,,0,,,,,,0,,,,,,0,,,,,,0,,,,,,0,,,,,,0,,,,,,0,,,,,,0,,,,,,0,,,,,,0,,,,,,0,,,,,,0,,,,,,0,,,,,,0,,,,,,0,,,,,,0,,,,,,0,,,,,,0,,,,,,0,,,,,,0,,,,,,0,,,,,,0,,,,,,0,,,,,,0,,,,,,0,,,,,,0,,,,,,0,,,,,,0,,,,,,0,,,,,,0,,,,,,0,,,,,,0,,,,,,0,,,,,,0,,,,,,0,,,,,,0,,,,,,0,,,,,,0,,,,,,0,,,,,,0,,,,,,0,,,,,,0,,,,,,0,,,,,,0,,,,,,0,,,,,,0,,,,,,0,,,,,,0,,,,,,0,,,,,,0,,,,,,0,,,,,,0,,,,,,0,,,,,,0,,,,,,0,,,,,,0,,,,,,0,,,,,,0,,,,,,0,,,,,,0,,,,,,0,,,,,,0,,,,,,0,,,,,,0,,,,,,0,
Mjini Magharibi,Mjini,,,,,,,0,,,,,,0,,,,,,0,,,,,,0,,,,,,0,,,,,,0,,,,,,0,,,,,,0,,,,,,0,,,,,,0,,,,,,0,,,,,,0,,,,,,0,,,,,,0,,,,,,0,,,,,,0,,,,,,0,,,,,,0,,,,,,0,,,,,,0,,,,,,0,,,,,,0,,,,,,0,,,,,,0,,,,,,0,,,,,,0,,,,,,0,,,,,,0,,,,,,0,,,,,,0,,,,,,0,,,,,,0,,,,,,0,,,,,,0,,,,,,0,,,,,,0,,,,,,0,,,,,,0,,,,,,0,,,,,,0,,,,,,0,,,,,,0,,,,,,0,,,,,,0,,,,,,0,,,,,,0,,,,,,0,,,,,,0,,,,,,0,,,,,,0,,,,,,0,,,,,,0,,,,,,0,,,,,,0,,,,,,0,,,,,,0,,,,,,0,,,,,,0,,,,,,0,,,,,,0,,,,,,0,,,,,,0,,,,,,0,,,,,,0,,,,,,0,,,,,,0,,,,,,0,,,,,,0,,,,,,0,,,,,,0,,,,,,0,,,,,,0,,,,,,0,,,,,,0,,,,,,0,,,,,,0,,,,,,0,,,,,,0,,,,,,0,,,,,,0,,,,,,0,,,,,,0,,,,,,0,,,,,,0,,,,,,0,,,,,,0,,,,,,0,,,,,,0,,,,,,0,,,,,,0,,,,,,0,,,,,,0,,,,,,0,,,,,,0,,,,,,0,,,,,,0,,,,,,0,,,,,,0,,,,,,0,,,,,,0,,,,,,0,,,,,,0,,,,,,0,,,,,,0,,,,,,0,,,,,,0,,,,,,0,,,,,,0,,,,,,0,,,,,,0,,,,,,0,,,,,,0,,,,,,0,,,,,,0,,,,,,0,,,,,,0,,,,,,0,,,,,,0,,,,,,0,,,,,,0,,,,,,0,,,,,,0,,,,,,0,,,,,,0,,,,,,0,,,,,,0,,,,,,0,,,,,,0,,,,,,0,
Njombe,Ludewa DC,,,,,,,0,,,,,,0,,,,,,0,,,,,,0,,,,,,0,,,,,,0,,,,,,0,,,,,,0,,,,,,0,,,,,,0,,,,,,0,,,,,,0,,,,,,0,,,,,,0,,,,,,0,,,,,,0,,,,,,0,,,,,,0,,,,,,0,,,,,,0,,,,,,0,,,,,,0,,,,,,0,,,,,,0,,,,,,0,,,,,,0,,,,,,0,,,,,,0,,,,,,0,,,,,,0,,,,,,0,,,,,,0,,,,,,0,,,,,,0,,,,,,0,,,,,,0,,,,,,0,,,,,,0,,,,,,0,,,,,,0,,,,,,0,,,,,,0,,,,,,0,,,,,,0,,,,,,0,,,,,,0,,,,,,0,,,,,,0,,,,,,0,,,,,,0,,,,,,0,,,,,,0,,,,,,0,,,,,,0,,,,,,0,,,,,,0,,,,,,0,,,,,,0,,,,,,0,,,,,,0,,,,,,0,,,,,,0,,,,,,0,,,,,,0,,,,,,0,,,,,,0,,,,,,0,,,,,,0,,,,,,0,,,,,,0,,,,,,0,,,,,,0,,,,,,0,,,,,,0,,,,,,0,,,,,,0,,,,,,0,,,,,,0,,,,,,0,,,,,,0,,,,,,0,,,,,,0,,,,,,0,,,,,,0,,,,,,0,,,,,,0,,,,,,0,,,,,,0,,,,,,0,,,,,,0,,,,,,0,,,,,,0,,,,,,0,,,,,,0,,,,,,0,,,,,,0,,,,,,0,,,,,,0,,,,,,0,,,,,,0,,,,,,0,,,,,,0,,,,,,0,,,,,,0,,,,,,0,,,,,,0,,,,,,0,,,,,,0,,,,,,0,,,,,,0,,,,,,0,,,,,,0,,,,,,0,,,,,,0,,,,,,0,,,,,,0,,,,,,0,,,,,,0,,,,,,0,,,,,,0,,,,,,0,,,,,,0,,,,,,0,,,,,,0,,,,,,0,,,,,,0,,,,,,0,,,,,,0,,,,,,0,
Njombe,Njombe DC,,,,,,,0,,,,,,0,,,,,,0,,,,,,0,,,,,,0,,,,,,0,,,,,,0,,,,,,0,,,,,,0,,,,,,0,,,,,,0,,,,,,0,,,,,,0,,,,,,0,,,,,,0,,,,,,0,,,,,,0,,,,,,0,,,,,,0,,,,,,0,,,,,,0,,,,,,0,,,,,,0,,,,,,0,,,,,,0,,,,,,0,,,,,,0,,,,,,0,,,,,,0,,,,,,0,,,,,,0,,,,,,0,,,,,,0,,,,,,0,,,,,,0,,,,,,0,,,,,,0,,,,,,0,,,,,,0,,,,,,0,,,,,,0,,,,,,0,,,,,,0,,,,,,0,,,,,,0,,,,,,0,,,,,,0,,,,,,0,,,,,,0,,,,,,0,,,,,,0,,,,,,0,,,,,,0,,,,,,0,,,,,,0,,,,,,0,,,,,,0,,,,,,0,,,,,,0,,,,,,0,,,,,,0,,,,,,0,,,,,,0,,,,,,0,,,,,,0,,,,,,0,,,,,,0,,,,,,0,,,,,,0,,,,,,0,,,,,,0,,,,,,0,,,,,,0,,,,,,0,,,,,,0,,,,,,0,,,,,,0,,,,,,0,,,,,,0,,,,,,0,,,,,,0,,,,,,0,,,,,,0,,,,,,0,,,,,,0,,,,,,0,,,,,,0,,,,,,0,,,,,,0,,,,,,0,,,,,,0,,,,,,0,,,,,,0,,,,,,0,,,,,,0,,,,,,0,,,,,,0,,,,,,0,,,,,,0,,,,,,0,,,,,,0,,,,,,0,,,,,,0,,,,,,0,,,,,,0,,,,,,0,,,,,,0,,,,,,0,,,,,,0,,,,,,0,,,,,,0,,,,,,0,,,,,,0,,,,,,0,,,,,,0,,,,,,0,,,,,,0,,,,,,0,,,,,,0,,,,,,0,,,,,,0,,,,,,0,,,,,,0,,,,,,0,,,,,,0,,,,,,0,,,,,,0,,,,,,0,,,,,,0,
Njombe,Njombe TC,,,,,,,0,,,,,,0,,,,,,0,,,,,,0,,,,,,0,,,,,,0,,,,,,0,,,,,,0,,,,,,0,,,,,,0,,,,,,0,,,,,,0,,,,,,0,,,,,,0,,,,,,0,,,,,,0,,,,,,0,,,,,,0,,,,,,0,,,,,,0,,,,,,0,,,,,,0,,,,,,0,,,,,,0,,,,,,0,,,,,,0,,,,,,0,,,,,,0,,,,,,0,,,,,,0,,,,,,0,,,,,,0,,,,,,0,,,,,,0,,,,,,0,,,,,,0,,,,,,0,,,,,,0,,,,,,0,,,,,,0,,,,,,0,,,,,,0,,,,,,0,,,,,,0,,,,,,0,,,,,,0,,,,,,0,,,,,,0,,,,,,0,,,,,,0,,,,,,0,,,,,,0,,,,,,0,,,,,,0,,,,,,0,,,,,,0,,,,,,0,,,,,,0,,,,,,0,,,,,,0,,,,,,0,,,,,,0,,,,,,0,,,,,,0,,,,,,0,,,,,,0,,,,,,0,,,,,,0,,,,,,0,,,,,,0,,,,,,0,,,,,,0,,,,,,0,,,,,,0,,,,,,0,,,,,,0,,,,,,0,,,,,,0,,,,,,0,,,,,,0,,,,,,0,,,,,,0,,,,,,0,,,,,,0,,,,,,0,,,,,,0,,,,,,0,,,,,,0,,,,,,0,,,,,,0,,,,,,0,,,,,,0,,,,,,0,,,,,,0,,,,,,0,,,,,,0,,,,,,0,,,,,,0,,,,,,0,,,,,,0,,,,,,0,,,,,,0,,,,,,0,,,,,,0,,,,,,0,,,,,,0,,,,,,0,,,,,,0,,,,,,0,,,,,,0,,,,,,0,,,,,,0,,,,,,0,,,,,,0,,,,,,0,,,,,,0,,,,,,0,,,,,,0,,,,,,0,,,,,,0,,,,,,0,,,,,,0,,,,,,0,,,,,,0,,,,,,0,,,,,,0,,,,,,0,,,,,,0,,,,,,0,
Njombe,Wanging'ombe DC,,,,,,,0,,,,,,0,,,,,,0,,,,,,0,,,,,,0,,,,,,0,,,,,,0,,,,,,0,,,,,,0,,,,,,0,,,,,,0,,,,,,0,,,,,,0,,,,,,0,,,,,,0,,,,,,0,,,,,,0,,,,,,0,,,,,,0,,,,,,0,,,,,,0,,,,,,0,,,,,,0,,,,,,0,,,,,,0,,,,,,0,,,,,,0,,,,,,0,,,,,,0,,,,,,0,,,,,,0,,,,,,0,,,,,,0,,,,,,0,,,,,,0,,,,,,0,,,,,,0,,,,,,0,,,,,,0,,,,,,0,,,,,,0,,,,,,0,,,,,,0,,,,,,0,,,,,,0,,,,,,0,,,,,,0,,,,,,0,,,,,,0,,,,,,0,,,,,,0,,,,,,0,,,,,,0,,,,,,0,,,,,,0,,,,,,0,,,,,,0,,,,,,0,,,,,,0,,,,,,0,,,,,,0,,,,,,0,,,,,,0,,,,,,0,,,,,,0,,,,,,0,,,,,,0,,,,,,0,,,,,,0,,,,,,0,,,,,,0,,,,,,0,,,,,,0,,,,,,0,,,,,,0,,,,,,0,,,,,,0,,,,,,0,,,,,,0,,,,,,0,,,,,,0,,,,,,0,,,,,,0,,,,,,0,,,,,,0,,,,,,0,,,,,,0,,,,,,0,,,,,,0,,,,,,0,,,,,,0,,,,,,0,,,,,,0,,,,,,0,,,,,,0,,,,,,0,,,,,,0,,,,,,0,,,,,,0,,,,,,0,,,,,,0,,,,,,0,,,,,,0,,,,,,0,,,,,,0,,,,,,0,,,,,,0,,,,,,0,,,,,,0,,,,,,0,,,,,,0,,,,,,0,,,,,,0,,,,,,0,,,,,,0,,,,,,0,,,,,,0,,,,,,0,,,,,,0,,,,,,0,,,,,,0,,,,,,0,,,,,,0,,,,,,0,,,,,,0,,,,,,0,,,,,,0,,,,,,0,,,,,,0,
Ruvuma,Mbinga DC,,,,,,,0,,,,,,0,,,,,,0,,,,,,0,,,,,,0,,,,,,0,,,,,,0,,,,,,0,,,,,,0,,,,,,0,,,,,,0,,,,,,0,,,,,,0,,,,,,0,,,,,,0,,,,,,0,,,,,,0,,,,,,0,,,,,,0,,,,,,0,,,,,,0,,,,,,0,,,,,,0,,,,,,0,,,,,,0,,,,,,0,,,,,,0,,,,,,0,,,,,,0,,,,,,0,,,,,,0,,,,,,0,,,,,,0,,,,,,0,,,,,,0,,,,,,0,,,,,,0,,,,,,0,,,,,,0,,,,,,0,,,,,,0,,,,,,0,,,,,,0,,,,,,0,,,,,,0,,,,,,0,,,,,,0,,,,,,0,,,,,,0,,,,,,0,,,,,,0,,,,,,0,,,,,,0,,,,,,0,,,,,,0,,,,,,0,,,,,,0,,,,,,0,,,,,,0,,,,,,0,,,,,,0,,,,,,0,,,,,,0,,,,,,0,,,,,,0,,,,,,0,,,,,,0,,,,,,0,,,,,,0,,,,,,0,,,,,,0,,,,,,0,,,,,,0,,,,,,0,,,,,,0,,,,,,0,,,,,,0,,,,,,0,,,,,,0,,,,,,0,,,,,,0,,,,,,0,,,,,,0,,,,,,0,,,,,,0,,,,,,0,,,,,,0,,,,,,0,,,,,,0,,,,,,0,,,,,,0,,,,,,0,,,,,,0,,,,,,0,,,,,,0,,,,,,0,,,,,,0,,,,,,0,,,,,,0,,,,,,0,,,,,,0,,,,,,0,,,,,,0,,,,,,0,,,,,,0,,,,,,0,,,,,,0,,,,,,0,,,,,,0,,,,,,0,,,,,,0,,,,,,0,,,,,,0,,,,,,0,,,,,,0,,,,,,0,,,,,,0,,,,,,0,,,,,,0,,,,,,0,,,,,,0,,,,,,0,,,,,,0,,,,,,0,,,,,,0,,,,,,0,,,,,,0,,,,,,0,,,,,,0,
Ruvuma,Mbinga TC,,,,,,,0,,,,,,0,,,,,,0,,,,,,0,,,,,,0,,,,,,0,,,,,,0,,,,,,0,,,,,,0,,,,,,0,,,,,,0,,,,,,0,,,,,,0,,,,,,0,,,,,,0,,,,,,0,,,,,,0,,,,,,0,,,,,,0,,,,,,0,,,,,,0,,,,,,0,,,,,,0,,,,,,0,,,,,,0,,,,,,0,,,,,,0,,,,,,0,,,,,,0,,,,,,0,,,,,,0,,,,,,0,,,,,,0,,,,,,0,,,,,,0,,,,,,0,,,,,,0,,,,,,0,,,,,,0,,,,,,0,,,,,,0,,,,,,0,,,,,,0,,,,,,0,,,,,,0,,,,,,0,,,,,,0,,,,,,0,,,,,,0,,,,,,0,,,,,,0,,,,,,0,,,,,,0,,,,,,0,,,,,,0,,,,,,0,,,,,,0,,,,,,0,,,,,,0,,,,,,0,,,,,,0,,,,,,0,,,,,,0,,,,,,0,,,,,,0,,,,,,0,,,,,,0,,,,,,0,,,,,,0,,,,,,0,,,,,,0,,,,,,0,,,,,,0,,,,,,0,,,,,,0,,,,,,0,,,,,,0,,,,,,0,,,,,,0,,,,,,0,,,,,,0,,,,,,0,,,,,,0,,,,,,0,,,,,,0,,,,,,0,,,,,,0,,,,,,0,,,,,,0,,,,,,0,,,,,,0,,,,,,0,,,,,,0,,,,,,0,,,,,,0,,,,,,0,,,,,,0,,,,,,0,,,,,,0,,,,,,0,,,,,,0,,,,,,0,,,,,,0,,,,,,0,,,,,,0,,,,,,0,,,,,,0,,,,,,0,,,,,,0,,,,,,0,,,,,,0,,,,,,0,,,,,,0,,,,,,0,,,,,,0,,,,,,0,,,,,,0,,,,,,0,,,,,,0,,,,,,0,,,,,,0,,,,,,0,,,,,,0,,,,,,0,,,,,,0,,,,,,0,,,,,,0,,,,,,0,,,,,,0,
Ruvuma,Nyasa DC,,,,,,,0,,,,,,0,,,,,,0,,,,,,0,,,,,,0,,,,,,0,,,,,,0,,,,,,0,,,,,,0,,,,,,0,,,,,,0,,,,,,0,,,,,,0,,,,,,0,,,,,,0,,,,,,0,,,,,,0,,,,,,0,,,,,,0,,,,,,0,,,,,,0,,,,,,0,,,,,,0,,,,,,0,,,,,,0,,,,,,0,,,,,,0,,,,,,0,,,,,,0,,,,,,0,,,,,,0,,,,,,0,,,,,,0,,,,,,0,,,,,,0,,,,,,0,,,,,,0,,,,,,0,,,,,,0,,,,,,0,,,,,,0,,,,,,0,,,,,,0,,,,,,0,,,,,,0,,,,,,0,,,,,,0,,,,,,0,,,,,,0,,,,,,0,,,,,,0,,,,,,0,,,,,,0,,,,,,0,,,,,,0,,,,,,0,,,,,,0,,,,,,0,,,,,,0,,,,,,0,,,,,,0,,,,,,0,,,,,,0,,,,,,0,,,,,,0,,,,,,0,,,,,,0,,,,,,0,,,,,,0,,,,,,0,,,,,,0,,,,,,0,,,,,,0,,,,,,0,,,,,,0,,,,,,0,,,,,,0,,,,,,0,,,,,,0,,,,,,0,,,,,,0,,,,,,0,,,,,,0,,,,,,0,,,,,,0,,,,,,0,,,,,,0,,,,,,0,,,,,,0,,,,,,0,,,,,,0,,,,,,0,,,,,,0,,,,,,0,,,,,,0,,,,,,0,,,,,,0,,,,,,0,,,,,,0,,,,,,0,,,,,,0,,,,,,0,,,,,,0,,,,,,0,,,,,,0,,,,,,0,,,,,,0,,,,,,0,,,,,,0,,,,,,0,,,,,,0,,,,,,0,,,,,,0,,,,,,0,,,,,,0,,,,,,0,,,,,,0,,,,,,0,,,,,,0,,,,,,0,,,,,,0,,,,,,0,,,,,,0,,,,,,0,,,,,,0,,,,,,0,,,,,,0,,,,,,0,,,,,,0,
Songwe,Ileje DC,,88,157,133,104,,482,,,,,,0,,,,,,0,,,,,,0,,,,,,0,24,25,27,59,,135,24,25,27,59,,135,,,,,,0,24,25,27,59,,135,24,25,27,59,,135,,,,,,0,24,25,27,59,,135,24,25,27,59,,135,31,26,28,61,,146,24,25,27,59,,135,7,0,0,0,,7,,,,,,0,,,,,,0,,,,,,0,,,,,,0,,,,,,0,,,,,,0,,,,,,0,,,,,,0,,,,,,0,,,,,,0,,,,,,0,,,,,,0,,,,,,0,,,,,,0,,,,,1,1,,,,,,0,,,,,,0,,,,,,0,,,,,,0,,,,,,0,,,,,,0,,,,,,0,,,,,,0,,,,,41,41,,,,,,0,184,359,370,210,,1123,3,5,10,14,,32,,,,,,0,,,,,,0,,,,,,0,,,,,,0,,,,,,0,,,,,,0,,,,,,0,,,,,,0,,,,,,0,,,,,,0,,,,,,0,,,,,,0,,,,,,0,,,,,,0,,,,,,0,,,,,,0,,,,,,0,,,,,2,2,94,50,110,64,,318,,,,,,0,,,,,,0,,,,,,0,,,,,,0,97,102,114,240,,553,,,,,,0,97,102,114,240,,553,24,25,27,59,,135,,,,,,0,,,,,,0,,,,,,0,,,,,,0,,,,,,0,,,,,,0,,,,,,0,,,,,,0,,,,,,0,,,,,,0,,,,,,0,,,,,,0,,,,,,0,,,,,,0,,,,,,0,,,,,,0,,,,,,0,,,,,,0,,,,,,0,,,,,,0,,,,,,0,97,102,114,240,,553,,,,,3,3,92,83,78,158,,411,0,1,1,0,,2,,,,,,0,123,135,74,145,,477,,,,,,0,,,,,,0,,,,,,0,,,,,,0,,,,,,0,,,,,,0,,,,,,0,,,,,,0,,,,,,0,,,,,,0,,,,,,0,,,,,,0,,,,,,0,,,,,,0,,,,,,0,,,,,,0,,,,,,0,,,,,,0,,,,,,0,,,,,,0,,,,,,0,,,,,,0,,,,,,0,,,,,,0,,,,,,0,,,,,,0,,,,,,0,,,,,,0,,,,,,0,,,,,,0,,,,,,0,,,,,,0,
Songwe,Mbozi DC,,160,211,256,107,,734,,,,,1,1,,,,,,0,,,,,,0,,,,,,0,5,69,17,63,,154,5,69,17,63,,154,,,,,,0,5,69,17,63,,154,5,69,17,63,,154,,,,,,0,5,69,17,63,,154,5,69,17,63,,154,10,71,30,61,,172,5,69,17,53,,144,4,2,11,7,,24,,,,,,0,,,,,,0,,,,,,0,,,,,,0,,,,,,0,,,,,,0,,,,,,0,,,,,,0,,,,,,0,,,,,,0,,,,,2,2,0,0,4,6,,10,,,,,,0,,,,,6,6,,,,,1,1,,,,,,0,,,,,,0,,,,,,0,,,,,,0,,,,,,0,,,,,,0,,,,,,0,,,,,,0,,,,,44,44,,,,,1,1,111,460,528,218,,1317,4,9,6,25,,44,,,,,,0,,,,,,0,,,,,1,1,,,,," 1,500,000.00     ",1500000,,,,,,0,,,,,,0,,,,,,0,,,,,,0,,,,,,0,,,,,,0,,,,,,0,,,,,,0,1,15,0,1,,17,,,,,,0,,,,,,0,,,,,,0,,,,,,0,,,,,3,3,29,24,23,12,,88,,,,,,0,,,,,,0,,,,,2,2,,,,,2,2,61,73,45,102,,281,,,,,1,1,61,73,45,102,,281,5,69,17,53,,144,,,,,,0,,,,,,0,,,,,,0,,,,,,0,,,,,,0,,,,,,0,,,,,,0,,,,,,0,,,,,,0,,,,,,0,,,,,,0,,,,,,0,,,,,,0,,,,,,0,,,,,,0,,,,,,0,,,,,,0,,,,,,0,,,,,,0,,,,,,0,,,,,,0,61,73,45,102,,281,,,,,2,2,19,22,22,13,,76,1,0,0,1,,2,,,,,,0,60,93,55,92,,300,,,,,,0,,,,,,0,,,,,,0,,,,,,0,,,,,,0,,,,,,0,,,,,,0,,,,,,0,,,,,,0,,,,,,0,,,,,,0,,,,,,0,,,,,1,1,,,,,,0,,,,,,0,,,,,,0,,,,,,0,,,,,,0,,,,,,0,,,,,,0,,,,,,0,,,,,,0,,,,,,0,,,,,,0,,,,,,0,,,,,,0,,,,,,0,,,,,,0,,,,,,0,,,,,,0,,,,,,0,,,,,,0,
Songwe,Momba DC,,,,,,,0,,,,,,0,,,,,,0,,,,,,0,,,,,,0,,,,,,0,,,,,,0,,,,,,0,,,,,,0,,,,,,0,,,,,,0,,,,,,0,,,,,,0,,,,,,0,,,,,,0,,,,,,0,,,,,,0,,,,,,0,,,,,,0,,,,,,0,,,,,,0,,,,,,0,,,,,,0,,,,,,0,,,,,,0,,,,,,0,,,,,,0,,,,,,0,,,,,,0,,,,,,0,,,,,,0,,,,,,0,,,,,,0,,,,,,0,,,,,,0,,,,,,0,,,,,,0,,,,,,0,,,,,,0,,,,,,0,,,,,,0,,,,,,0,,,,,,0,,,,,,0,,,,,,0,,,,,,0,,,,,,0,,,,,,0,,,,,,0,,,,,,0,,,,,,0,,,,,,0,,,,,,0,,,,,,0,,,,,,0,,,,,,0,,,,,,0,,,,,,0,,,,,,0,,,,,,0,,,,,,0,,,,,,0,,,,,,0,,,,,,0,,,,,,0,,,,,,0,,,,,,0,,,,,,0,,,,,,0,,,,,,0,,,,,,0,,,,,,0,,,,,,0,,,,,,0,,,,,,0,,,,,,0,,,,,,0,,,,,,0,,,,,,0,,,,,,0,,,,,,0,,,,,,0,,,,,,0,,,,,,0,,,,,,0,,,,,,0,,,,,,0,,,,,,0,,,,,,0,,,,,,0,,,,,,0,,,,,,0,,,,,,0,,,,,,0,,,,,,0,,,,,,0,,,,,,0,,,,,,0,,,,,,0,,,,,,0,,,,,,0,,,,,,0,,,,,,0,,,,,,0,,,,,,0,,,,,,0,,,,,,0,,,,,,0,,,,,,0,,,,,,0,,,,,,0,,,,,,0,,,,,,0,,,,,,0,,,,,,0,,,,,,0,,,,,,0,,,,,,0,,,,,,0,,,,,,0,,,,,,0,,,,,,0,,,,,,0,,,,,,0,,,,,,0,,,,,,0,,,,,,0,,,,,,0,,,,,,0,
Songwe,Songwe DC,,34,11,17,29,,91,,,,,,0,,,,,,0,,,,,,0,,,,,,0,13,14,21,26,,74,13,14,21,26,,74,,,,,,0,13,14,21,26,,74,13,14,21,26,,74,,,,,,0,13,14,21,26,,74,13,14,21,26,,74,14,14,22,26,,76,13,14,21,26,,74,,,,,,0,,,,,,0,,,,,,0,,,,,,0,,,,,,0,,,,,,0,,,,,,0,,,,,,0,,,,,,0,,,,,,0,,,,,,0,,,,,,0,,,,,,0,,,,,,0,,,,,,0,,,,,2,2,,,,,,0,,,,,,0,,,,,,0,,,,,,0,,,,,,0,,,,,,0,,,,,,0,,,,,,0,,,,,6,6,,,,,,0,66,101,89,76,,332,2,0,3,1,,6,,,,,,0,,,,,,0,,,,,,0,,,,,,0,,,,,,0,,,,,,0,,,,,,0,,,,,,0,,,,,,0,,,,,,0,,,,,,0,,,,,,0,,,,,,0,,,,,,0,,,,,,0,,,,,,0,,,,,,0,,,,,,0,,,,,,0,,,,,,0,,,,,,0,,,,,,0,,,,,,0,21,41,16,59,,137,,,,,,0,21,41,16,59,,137,13,14,21,16,,64,,,,,,0,,,,,,0,,,,,,0,,,,,,0,,,,,,0,,,,,,0,,,,,,0,,,,,,0,,,,,,0,,,,,,0,,,,,,0,,,,,,0,,,,,,0,,,,,,0,,,,,,0,,,,,,0,,,,,,0,,,,,,0,,,,,,0,,,,,,0,,,,,,0,21,41,16,59,,137,,,,,2,2,5,4,3,3,,15,,,,,,0,,,,,,0,54,41,15,38,,148,,,,,,0,,,,,,0,,,,,,0,,,,,,0,,,,,,0,,,,,,0,,,,,,0,,,,,,0,,,,,,0,,,,,,0,,,,,,0,,,,,,0,,,,,,0,,,,,,0,,,,,,0,,,,,,0,,,,,,0,,,,,,0,,,,,,0,,,,,,0,,,,,,0,,,,,,0,,,,,,0,,,,,,0,,,,,,0,,,,,,0,,,,,,0,,,,,,0,,,,,,0,,,,,,0,,,,,,0,,,,,,0,
,,,,,,,,,,,,,,,,,,,,,,,,,,,,,,,,,,,,,,,,,,,,,,,,,,,,,,,,,,,,,,,,,,,,,,,,,,,,,,,,,,,,,,,,,,,,,,,,,,,,,,,,,,,,,,,,,,,,,,,,,,,,,,,,,,,,,,,,,,,,,,,,,,,,,,,,,,,,,,0,,,,,,,,,,,,,,,,,,,,,,,,,,,,,,,,,,,,,,,,,,,,,,,,,,,,,,,,,,,,,,,,,,,,,,,,,,,,,,,,,,,,,,,,,,,,,,,,,,,,,,,,,,,,,,,,,,,,,,,,,,,,,,,,,,,,,,,,,,,,,,,,,,,,,,,,,,,,,,,,,,,,,,,,,,,,,,,,,,,,,,,,,,,,,,,,,,,,,,,,,,,,,,,,,,,,,,,,,,,,,,,,,,,,,,,,,,,,,,,,,,,,,,,,,,,,,,,,,,,,,,,,,,,,,,,,,,,,,,,,,,,,,,,,,,,,,,,,,,,,,,,,,,,,,,,,,,,,,,,,,,,,,,,,,,,,,,,,,,,,,,,,,,,,,,,,,,,,,,,,,,,,,,,,,,,,,,,,,,,,,,,,,,,,,,,,,,,,,,,,,,,,,,,,,,,,,,,,,,,,,,,,,,,,,,,,,,,,,,,,,,,,,,,,,,,,,,,,,,,,,,,,,,,,,,,,,,,,,,,,,,,,,,,,,,,,,,,,,,,,,,,,,,,,,,,,,,,,,,,,,,,,,,,,,,,,,,,,,,,,,,,,,,,,,,,,,,,,,,,,,,,,,,,,,,,,,,,,,,,,,,,,,,,,,,,,,,,,,,,,,,,,,,,,,,,,,,,,,,,
